Listen closely...	aardvark	(noun)<br>1. The nocturnal, insectivorous, burrowing, mammal Orycteropus afer, of the order Tubulidentata, somewhat resembling a pig, common in some parts of sub-Saharan Africa.<br>2. A silly or credulous person who is prone to mistakes or blunders.<br>
Listen closely...	accurate	(adjective)<br>1. Telling the truth or giving a true result; exact; not defective or faulty<br>2. Deviating only slightly or within acceptable limits.<br>3. Precisely fixed; executed with care; careful.<br>
Listen closely...	adorable	(adjective)<br>1. Befitting of being adored; cute or loveable.<br>
Listen closely...	aerobic	(adjective)<br>1. Living or occurring only in the presence of oxygen e.g. aerobic bacteria.<br>2. Of exercise, performed while maintaining a sufficient supply of oxygen to meet bodily energy needs.<br>3. Of or relating to aerobics.<br>
Listen closely...	aerospace	(noun)<br>1. The atmosphere of the Earth and the region of space around it.<br>2. The industry concerned with aircraft, missiles, satellites and spacecraft.<br>(adjective)<br>1. Of, or relating to the Earth's atmosphere and nearby space.<br>2. Of, or relating to the science, technology and industry associated with aircraft, missiles, satellites and spacecraft.<br>
Listen closely...	affiliates	(noun)<br>1. Someone or something, especially, a television station, that is associated with a larger, related organization, such as a television network; a member of a group of associated things.<br>
Listen closely...	airy	(adjective)<br>1. Consisting of air.<br>2. Relating or belonging to air; high in air; aerial.<br>3. Open to a free current of air; exposed to the air; breezy.<br>4. Resembling air; thin; unsubstantial; not material; airlike.<br>5. Relating to the spirit or soul; delicate; graceful.<br>6. Not based on reality; having no solid foundation<br>7. Light-hearted; vivacious<br>8. Having an affected manner; being in the habit of putting on airs; affectedly grand.<br>9. Having the light and aerial tints true to nature.<br>
Listen closely...	alone	(adjective)<br>1. By oneself, solitary.<br>2. Apart from, or exclusive of, others.<br>3. Considered separately.<br>4. Without equal.<br>5. Unique; rare; matchless.<br>(adverb)<br>1. By oneself; apart from, or exclusive of, others; solo.<br>2. Without outside help.<br>3. Exclusively.<br>
Listen closely...	ancient	(noun)<br>1. A person who is very old.<br>2. A person who lived in ancient times.<br>3. One of the senior members of the Inns of Court or of Chancery.<br>4. A senior; an elder; a predecessor.<br>(adjective)<br>1. Having lasted from a remote period; having been of long duration; of great age, very old.<br>2. Existent or occurring in time long past, usually in remote ages; belonging to or associated with antiquity; old, as opposed to modern.<br>3. (history) Relating to antiquity as a primarily European historical period; the time before the Middle Ages.<br>4. Experienced; versed.<br>5. Former; sometime.<br>
Listen closely...	anniversary	(noun)<br>1. A day that is an exact number of years (to the day) since a given significant event occurred. Often preceded by an ordinal number indicating the number of years.<br>2. (loosely) A day subsequent in time to a given event by some significant period other than a year (especially as prefixed by the amount of time in question).<br>
Listen closely...	announcer	(noun)<br>1. One who makes announcements.<br>
Listen closely...	antique	(noun)<br>1. A grotesque representation of a figure; a gargoyle.<br>2. A caricature.<br>3. (often in plural) A ludicrous gesture or act; ridiculous behaviour; caper.<br>4. A grotesque performer or clown, buffoon.<br>(adjective)<br>1. Playful, funny, absurd<br>2. Grotesque, incongruous.<br>3. Grotesque, bizarre<br>(noun)<br>1. A pose, often exaggerated, in anticipation of an action; for example, a brief squat before jumping<br>(noun)<br>1. In general, anything very old; specifically:<br>2. A style of type of thick and bold face in which all lines are of equal or nearly equal thickness.<br>(verb)<br>1. To search or shop for antiques.<br>2. To make an object appear to be an antique in some way.<br>3. To emboss without gilding.<br>(adjective)<br>1. Having existed in ancient times, descended from antiquity; used especially in reference to Greece and Rome.<br>2. Belonging to former times, not modern, out of date, old-fashioned.<br>3. Designating a style of type.<br>4. Embossed without gilt.<br>
Listen closely...	applause	(noun)<br>1. The act of applauding; approbation and praise publicly expressed by the clapping of hands, stamping or tapping of the feet, acclamation, huzzas, or other means; marked commendation.<br>
Listen closely...	armchair	(noun)<br>1. A chair with supports for the arms or elbows.<br>(verb)<br>1. To create based on theory or general knowledge rather than data.<br>2. To theorize based on analysis of data that was gathered previously; to reflect.<br>(adjective)<br>1. Remote from actual involvement, including a person retired from previously active involvement.<br>2. Unqualified or uninformed but yet giving advice, especially on technical issues, such as law, architecture, medicine, military theory, or sports.<br>
Listen closely...	array	(noun)<br>1. Clothing and ornamentation.<br>2. A collection laid out to be viewed in full.<br>3. An orderly series, arrangement or sequence.<br>4. Order; a regular and imposing arrangement; disposition in regular lines; hence, order of battle.<br>5. A large collection.<br>6. Common name for matrix.<br>7. Any of various data structures designed to hold multiple elements of the same type; especially, a data structure that holds these elements in adjacent memory locations so that they may be retrieved using numeric indices.<br>8. A ranking or setting forth in order, by the proper officer, of a jury as impanelled in a cause; the panel itself; or the whole body of jurors summoned to attend the court.<br>9. A militia.<br>10. A group of hedgehogs.<br>11. A microarray.<br>(verb)<br>1. To clothe and ornament; to adorn or attire.<br>2. To lay out in an orderly arrangement; to deploy or marshal.<br>3. To set in order, as a jury, for the trial of a cause; that is, to call them one at a time.<br>
Listen closely...	arteries	(noun)<br>1. An efferent blood vessel from the heart, conveying blood away from the heart regardless of oxygenation status; see pulmonary artery.<br>2. A major transit corridor.<br>
Listen closely...	artichoke	(noun)<br>1. A plant related to the thistle with enlarged flower heads eaten as a vegetable while immature, Cynara cardunculus var. scolymus.<br>2. A dull green colour, like that of an artichoke.<br>
Listen closely...	assume	(verb)<br>1. To authenticate by means of belief; to surmise; to suppose to be true, especially without proof<br>2. To take on a position, duty or form<br>3. To adopt a feigned quality or manner; to claim without right; to arrogate<br>4. To receive, adopt (a person)<br>5. To adopt (an idea or cause)<br>
Listen closely...	auditorium	(noun)<br>1. A large room for public meetings or performances.<br>2. (in a theater, etc.) The space where the audience is located.<br>
Listen closely...	avenue	(noun)<br>1. A broad street, especially one bordered by trees.<br>2. A way or opening for entrance into a place; a passage by which a place may be reached; a way of approach or of exit.<br>3. The principal walk or approach to a house which is withdrawn from the road, especially, such approach bordered on each side by trees; any broad passageway thus bordered.<br>4. A method or means by which something may be accomplished.<br>5. (urban toponymy) A street, especially, in cities laid out in a grid pattern, one that is in a particular side of the city or that runs in a particular direction.<br>
Listen closely...	awful	(adjective)<br>1. Very bad.<br>2. Exceedingly great; usually applied intensively.<br>3. Causing fear or horror; appalling, terrible.<br>4. Inspiring awe; filling with profound reverence or respect; profoundly impressive.<br>5. Struck or filled with awe.<br>6. Terror-stricken.<br>7. Worshipful; reverential; law-abiding.<br>(adverb)<br>1. Awfully; dreadfully; terribly.<br>2. Very, extremely.<br>
Listen closely...	balloonist	(noun)<br>1. A person who flies in balloons, especially in hot-air balloons.<br>
Listen closely...	barometer	(noun)<br>1. An instrument for measuring atmospheric pressure.<br>2. (by extension) Anything used as a gauge or indicator.<br>
Listen closely...	basketball	(noun)<br>1. A sport in which two opposing teams of five players strive to put a ball through a hoop.<br>2. The particular kind of ball used in the sport of basketball.<br>
Listen closely...	bathing suit	
Listen closely...	knotted	(verb)<br>1. To form into a knot; to tie with a knot or knots.<br>2. To form wrinkles in the forehead, as a sign of concentration, concern, surprise, etc.<br>3. To unite closely; to knit together.<br>4. To entangle or perplex; to puzzle.<br>5. To form knots.<br>6. To knit knots for a fringe.<br>(adjective)<br>1. Full of knots; knotty.<br>2. Tied in knots.<br>3. Tangled, tangly, knotty, entangled, matted, snarled, unkempt, or uncombed.<br>
Listen closely...	know	(noun)<br>1. Knowledge; the state of knowing.<br>(verb)<br>1. To perceive the truth or factuality of; to be certain of or that.<br>2. To be aware of; to be cognizant of.<br>3. To be acquainted or familiar with; to have encountered.<br>4. To experience.<br>5. To be able to distinguish, to discern, particularly by contrast or comparison; to recognize the nature of.<br>6. To recognize as the same (as someone or something previously encountered) after an absence or change.<br>7. To understand or have a grasp of through experience or study.<br>8. To have sexual relations with. This meaning normally specified in modern English as e.g. to ’know someone in the biblical sense’ or to ‘know Biblically.’<br>9. To have knowledge; to have information, be informed.<br>10. To be or become aware or cognizant.<br>11. To be acquainted (with another person).<br>12. To be able to play or perform (a song or other piece of music).<br>
Listen closely...	laughable	(adjective)<br>1. Fitted to excite laughter; humorous.<br>2. Worthless; worthy of contempt or derision.<br>
Listen closely...	lawyer	(noun)<br>1. A professional person qualified (as by a law degree or bar exam) and authorized to practice law, i.e. represent parties in lawsuits or trials and give legal advice.<br>2. (by extension) A legal layman who argues points of law.<br>3. The burbot.<br>4. The stem of a bramble.<br>(verb)<br>1. To practice law.<br>2. To perform, or attempt to perform, the work of a lawyer.<br>3. To make legalistic arguments.<br>4. To barrage (a person) with questions in order to get them to admit something.<br>
Listen closely...	legislature	(noun)<br>1. A governmental body with the power to make, amend and repeal laws.<br>2. A legislative building.<br>
Listen closely...	lettuce	(noun)<br>1. An edible plant, Lactuca sativa and its close relatives, having a head of green and/or purple leaves.<br>2. The leaves of the lettuce plant, eaten as a vegetable; as a dish often mixed with other ingredients, dressing etc.<br>3. United States paper currency; dollars.<br>4. A strong yellow-green colour, like that of lettuce (also called lettuce green).<br>
Listen closely...	lightning	(noun)<br>1. A flash of light produced by short-duration, high-voltage discharge of electricity within a cloud, between clouds, or between a cloud and the earth.<br>2. A discharge of this kind.<br>3. Anything that moves very fast.<br>4. The act of making bright, or the state of being made bright; enlightenment; brightening, as of the mental powers.<br>(verb)<br>1. To produce lightning.<br>(adjective)<br>1. Extremely fast or sudden; moving (as if) at the speed of lightning.<br>
Listen closely...	little	(noun)<br>1. A small amount.<br>(adjective)<br>1. Small in size.<br>2. Insignificant, trivial.<br>3. Very young.<br>4. (of a sibling) Younger.<br>5. (also Little) Used with the name of a place, especially of a country or its capital, to denote a neighborhood whose residents or storekeepers are from that place.<br>6. Small in amount or number, having few members.<br>7. Short in duration; brief.<br>8. Small in extent of views or sympathies; narrow; shallow; contracted; mean; illiberal; ungenerous.<br>(adverb)<br>1. Not much.<br>2. Not at all.<br>(pronoun)<br>1. Not much; not a large amount.<br>
Listen closely...	loaf	(noun)<br>1. (also loaf of bread) A block of bread after baking.<br>2. Any solid block of food, such as meat or sugar.<br>3. Shortened from "loaf of bread", the brain or the head (mainly in the phrase use one's loaf).<br>4. A solid block of soap, from which standard bars are cut.<br>
Listen closely...	longitude	(noun)<br>1. Angular distance measured west or east of the prime meridian.<br>2. Any imaginary line perpendicular to the equator and part of a great circle passing through the North Pole and South Pole.<br>3. Length.<br>
Listen closely...	loyalty	(noun)<br>1. The state of being loyal; fidelity.<br>2. Faithfulness or devotion to some person, cause or nation.<br>
Listen closely...	luminous	(adjective)<br>1. Emitting light; glowing brightly.<br>2. Brightly illuminated.<br>
Listen closely...	margarine	(noun)<br>1. A spread, manufactured from a blend of vegetable oils (some of which are hydrogenated), emulsifiers etc, mostly used as a substitute for butter.<br>2. The solid ingredient of human fat, olive oil, etc.<br>
Listen closely...	marsupial	(noun)<br>1. A mammal of which the female has a pouch in which it rears its young, which are born immature, through early infancy, such as the kangaroo or koala, or else pouchless members of the Marsupialia like the shrew opossum.<br>(adjective)<br>1. Of or pertaining to a marsupial.<br>2. Of or relating to a marsupium.<br>
Listen closely...	mathematical	(adjective)<br>1. Of, or relating to mathematics<br>2. Possible but highly improbable<br>
Listen closely...	mathematicians	(noun)<br>1. An expert on mathematics.<br>
Listen closely...	measurement	(noun)<br>1. The act of measuring.<br>2. Magnitude (or extent or amount) determined by an act of measuring.<br>
Listen closely...	microscopic	(adjective)<br>1. Of, or relating to microscopes or microscopy; microscopal<br>2. So small that it can only be seen using a microscope.<br>3. Very small; minute<br>4. Carried out with great attention to detail.<br>5. Able to see extremely minute objects.<br>
Listen closely...	mistake	(noun)<br>1. An error; a blunder.<br>2. A pitch which was intended to be pitched in a hard-to-hit location, but instead ends up in an easy-to-hit place.<br>(verb)<br>1. To understand wrongly, taking one thing or person for another.<br>2. To misunderstand (someone).<br>3. To commit an unintentional error; to do or think something wrong.<br>4. To take or choose wrongly.<br>
Listen closely...	monsoon	(noun)<br>1. Any of a number of winds associated with regions where most rain falls during a particular season.<br>2. Tropical rainy season when the rain lasts for several months with few interruptions.<br>3. The rains themselves.<br>4. Entire meteorological systems with such characteristics.<br>
Listen closely...	museum	(noun)<br>1. A building or institution dedicated to the acquisition, conservation, study, exhibition, and educational interpretation of objects having scientific, historical, cultural or artistic value.<br>
Listen closely...	navigation	(noun)<br>1. The theory, practice and technology of charting a course for a ship, aircraft or spaceship or (colloquially) road vehicle.<br>2. Traffic or travel by vessel, especially commercial shipping.<br>3. A canal.<br>
Listen closely...	nickel	(noun)<br>1. A silvery elemental metal with an atomic number of 28 and symbol Ni.<br>2. A coin worth 5 cents.<br>3. (by extension) Five dollars.<br>4. (by extension) Five hundred dollars.<br>5. (sometimes the nickel or the hot nickel) Interstate 5, a highway that runs along the west coast of the United States.<br>6. A playing card with the rank of five<br>7. A five-year prison sentence.<br>8. A defensive formation with five defensive backs, one of whom is a nickelback, instead of the more common four.<br>(verb)<br>1. To plate with nickel.<br>
Listen closely...	night	(noun)<br>1. The period between sunset and sunrise, when a location faces far away from the sun, thus when the sky is dark.<br>2. (Astronomy) The period of darkness beginning at the end of evening astronomical twilight when the sun is 18 degrees below the horizon, and ending at the beginning of morning astronomical twilight.<br>3. (Legal) Often defined in the legal system as beginning 30 minutes after sunset, and ending 30 minutes before sunrise.<br>4. An evening or night spent at a particular activity.<br>5. A night (and part of the days before and after it) spent in a place away from home, e.g. a hotel.<br>6. Nightfall.<br>7. Darkness (due to it being nighttime).<br>8. A dark blue colour, midnight blue.<br>9. A night's worth of competitions, generally one game.<br>(verb)<br>1. To spend a night (in a place), to overnight.<br>(interjection)<br>1. Ellipsis of good night<br>
Listen closely...	nighttime	(noun)<br>1. The hours of darkness between sunset and sunrise; the night.<br>(adjective)<br>1. Pertaining to nighttime; appropriate to the night.<br>2. Happening during the night.<br>
Listen closely...	beach	(noun)<br>1. The shore of a body of water, especially when sandy or pebbly.<br>2. A horizontal strip of land, usually sandy, adjoining water.<br>3. The loose pebbles of the seashore, especially worn by waves; shingle.<br>(verb)<br>1. To run aground on a beach.<br>2. To run (something) aground on a beach.<br>3. (of a vehicle) To run into an obstacle or rough or soft ground, so that the floor of the vehicle rests on the ground and the wheels cannot gain traction.<br>(noun)<br>1. A gravel-filled zone on a racetrack, used as a hazard, exclusionary region, and, safety device to slow down and trap vehicles.<br>
Listen closely...	because	(adverb)<br>1. For the reason (that).<br>2. On account (of), for sake (of).<br>3. (by ellipsis) Used alone to refuse to provide a full answer a question begun with "why", usually taken as an anapodoton of the elided full phrase "Because I said so".<br>(preposition)<br>1. On account of, because of.<br>(conjunction)<br>1. By or for the cause that; on this account that; for the reason that.<br>2. As is known, inferred, or determined from the fact that.<br>3. So that, in order that.<br>
Listen closely...	belongings	(noun)<br>1. The feeling that one belongs.<br>2. (chiefly in the plural) Something physical that is owned.<br>3. Family; relations; household.<br>
Listen closely...	beneficial	(noun)<br>1. Something that is beneficial.<br>(adjective)<br>1. Helpful or good to something or someone.<br>2. Relating to a benefice.<br>
Listen closely...	biceps	(noun)<br>1. Any muscle having two heads.<br>2. Specifically, the biceps brachii, the flexor of the elbow.<br>3. The upper arm, especially the collective muscles of the upper arm.<br>4. A point in a metrical pattern that can be filled either with one long syllable (a longum) or two short syllables (two brevia)<br>
Listen closely...	bilingual	(noun)<br>1. A person who is able to use two languages.<br>(adjective)<br>1. Having the ability to speak two languages.<br>2. Spoken or written in two different languages.<br>3. Characterized by the use or presence of two languages.<br>
Listen closely...	billboard	(noun)<br>1. A very large outdoor sign, generally used for advertising.<br>2. A flat surface, such as a panel or fence, on which bills are posted; a bulletin board.<br>3. A piece of thick plank, armed with iron plates, and fixed on the bow or fore-channels of a vessel, for the bill or fluke of the anchor to rest on.<br>4. A sprite that always faces the screen, no matter which direction it is looked at from.<br>
Listen closely...	biography	(noun)<br>1. A person's life story, especially one published.<br>2. The art of writing this kind of story.<br>(verb)<br>1. To write a biography of.<br>
Listen closely...	blindfolded	(verb)<br>1. To cover the eyes, in order to make someone unable to see.<br>2. To obscure understanding or comprehension.<br>(adjective)<br>1. Wearing a blindfold<br>
Listen closely...	bookstore	(noun)<br>1. A store where books are bought and sold.<br>
Listen closely...	bottom	(noun)<br>1. The lowest part of anything.<br>2. Character, reliability, staying power, dignity, integrity or sound judgment.<br>3. Low-lying land; a valley or hollow.<br>4. The buttocks or anus.<br>5. A cargo vessel, a ship.<br>6. Certain parts of a vessel, particularly the cargo hold or the portion of the ship that is always underwater.<br>7. The second half of an inning, the home team's turn at bat.<br>8. (BDSM) A submissive in sadomasochistic sexual activity.<br>9. A person with a preference for being penetrated during sexual intercourse.<br>10. A bottom quark.<br>11. The lowest part of a container.<br>12. A ball or skein of thread; a cocoon.<br>13. The bed of a body of water, as of a river, lake, or sea.<br>14. An abyss.<br>15. Power of endurance.<br>16. Dregs or grounds; lees; sediment.<br>17. (usually: bottoms or bottomland) Low-lying land near a river with alluvial soil.<br>(verb)<br>1. To furnish (something) with a bottom.<br>2. To wind (like a ball of thread etc.).<br>3. To establish or found (something) on or upon.<br>4. (chiefly in passive) To lie on the bottom of; to underlie, to lie beneath.<br>5. To be based or grounded.<br>6. To reach or strike against the bottom of something, so as to impede free action.<br>7. To reach the bottom of something.<br>8. To fall to the lowest point.<br>9. To be the more passive or receiving partner in a sexual act or relationship; to be submissive in a BDSM relationship; to be anally penetrated in gay sex.<br>(adjective)<br>1. The lowest or last place or position.<br>
Listen closely...	breakfast	(noun)<br>1. The first meal of the day, usually eaten in the morning.<br>2. (by extension) A meal consisting of food normally eaten in the morning, which may typically include eggs, sausages, toast, bacon, etc.<br>3. The celebratory meal served after a wedding (and occasionally after other solemnities e.g. a funeral).<br>4. (largely obsolete outside religion) A meal eaten after a period of (now often religious) fasting.<br>(verb)<br>1. To eat the morning meal.<br>2. To serve breakfast to.<br>
Listen closely...	Buckingham Palace	
Listen closely...	building	(noun)<br>1. The act or process by which something is built; construction.<br>2. A closed structure with walls and a roof.<br>
Listen closely...	businesses	(noun)<br>1. A specific commercial enterprise or establishment.<br>2. A person's occupation, work, or trade.<br>3. Commercial, industrial, or professional activity.<br>4. The volume or amount of commercial trade.<br>5. One's dealings; patronage.<br>6. Private commercial interests taken collectively.<br>7. The management of commercial enterprises, or the study of such management.<br>8. A particular situation or activity.<br>9. Any activity or objective needing to be dealt with; especially, one of a financial or legal matter.<br>10. Something involving one personally.<br>11. (parliamentary procedure) Matters that come before a body for deliberation or action.<br>12. (travel) Business class, the class of seating provided by airlines between first class and coach.<br>13. Action carried out with a prop or piece of clothing, usually away from the focus of the scene.<br>14. The collective noun for a group of ferrets.<br>15. Something very good; top quality. (possibly from "the bee's knees")<br>16. Excrement, particularly that of a non-human animal.<br>
Listen closely...	campaign	(noun)<br>1. A series of operations undertaken to achieve a set goal.<br>2. The period during which a blast furnace is continuously in operation.<br>3. An open field; a large, open plain without considerable hills; a champaign.<br>4. An excursion into the countryside.<br>(verb)<br>1. To take part in a campaign.<br>2. Consistently ride in races for a racing season.<br>
Listen closely...	capillaries	(noun)<br>1. A narrow tube.<br>2. Any of the small blood vessels that connect arteries to veins.<br>
Listen closely...	cartography	(noun)<br>1. The creation of charts and maps based on the layout of a territory's geography.<br>2. An illustrative discussion of a topic.<br>
Listen closely...	century	(noun)<br>1. A period of 100 consecutive years; often specifically a numbered period with conventional start and end dates, e.g., the twentieth century, which stretches from (strictly) 1901 through 2000, or (informally) 1900 through 1999. The first century AD was from 1 to 100.<br>2. A unit in ancient Roman army, originally of 100 army soldiers as part of a cohort, later of more varied sizes (but typically containing 60 to 70 or 80) soldiers or other men (guards, police, firemen), commanded by a centurion.<br>3. A political division of ancient Rome, meeting in the Centuriate Assembly.<br>4. A hundred things of the same kind; a hundred.<br>5. A hundred runs scored either by a single player in one innings, or by two players in a partnership.<br>6. A score of one hundred points.<br>7. A race a hundred units (as meters, kilometres, miles) in length.<br>8. A banknote in the denomination of one hundred dollars.<br>
Listen closely...	character	(noun)<br>1. A being involved in the action of a story.<br>2. A distinguishing feature; characteristic; trait; phene.<br>3. A complex of traits marking a person, group, breed, or type.<br>4. Strength of mind; resolution; independence; individuality; moral strength.<br>5. A unique or extraordinary individual; a person characterized by peculiar or notable traits, especially charisma.<br>6. A written or printed symbol, or letter.<br>7. Style of writing or printing; handwriting; the particular form of letters used by a person or people.<br>8. A secret cipher; a way of writing in code.<br>9. One of the basic elements making up a text file or string: a code representing a printing character or a control character.<br>10. A person or individual, especially one who is unknown or raises suspicions.<br>11. A complex number representing an element of a finite Abelian group.<br>12. Quality, position, rank, or capacity; quality or conduct with respect to a certain office or duty.<br>13. The estimate, individual or general, put upon a person or thing; reputation.<br>14. A reference given to a servant, attesting to his/her behaviour, competence, etc.<br>15. Personal appearance.<br>(verb)<br>1. To write (using characters); to describe.<br>
Listen closely...	charcoal	(noun)<br>1. Impure carbon obtained by destructive distillation of wood or other organic matter, that is to say, heating it in the absence of oxygen.<br>2. A stick of black carbon material used for drawing.<br>3. A drawing made with charcoal.<br>4. A very dark gray colour.<br>(verb)<br>1. To draw with charcoal.<br>2. To cook over charcoal.<br>(adjective)<br>1. Of a dark gray colour.<br>2. Made of charcoal.<br>
Listen closely...	civilizations	(noun)<br>1. An organized culture encompassing many communities, often on the scale of a nation or a people; a stage or system of social, political or technical development.<br>2. Human society, particularly civil society.<br>3. The act or process of civilizing or becoming civilized.<br>4. The state or quality of being civilized.<br>5. The act of rendering a criminal process civil.<br>
Listen closely...	coiled	(verb)<br>1. To wind or reel e.g. a wire or rope into regular rings, often around a centerpiece.<br>2. To wind into loops (roughly) around a common center.<br>3. To wind cylindrically or spirally.<br>4. To encircle and hold with, or as if with, coils.<br>(adjective)<br>1. In the form of coils; having coils.<br>2. Prepared and poised to act, like a snake that has coiled its lower body so it can strike.<br>
Listen closely...	comic book	(noun)<br>1. A book or magazine that uses sequences of drawings to tell a story or series of stories, primarily in serialized form, usually fiction.<br>
Listen closely...	competence	(noun)<br>1. The quality or state of being competent, i.e. able or suitable for a general role.<br>2. The quality or state of being able or suitable for a particular task; the quality or state of being competent for a particular task.<br>3. The system of linguistic knowledge possessed by native speakers of a language, as opposed to its actual use in concrete situations (performance), cf. :w:linguistic competence.<br>4. A sustainable income.<br>5. The legal authority to deal with a matter.<br>6. The degree to which a rock is resistant to deformation or flow.<br>
Listen closely...	nuclear energy	(noun)<br>1. The energy released by a nuclear reaction; either through nuclear fission or nuclear fusion<br>2. Such energy used as a power source.<br>
Listen closely...	numerous	(adjective)<br>1. Indefinitely large numerically, many.<br>
Listen closely...	o'clock	(adverb)<br>1. (modifying a numeral, one to twelve) In conjunction with a numeral, indicates the time within a twelve-hour period (midnight to noon or noon to midnight), specifically the time when the hour hand of a clock points precisely to the symbol or marking corresponding to the designated numeral.<br>2. In conjunction with a term representing an action or event that occurs daily, indicates the time that said action or event occurs, or first occurs.<br>3. (with a numeral, one to twelve) In conjunction with a numeral, indicates the direction, relative to the speaker or a vehicle, especially an aircraft, corresponding to the direction the hour hand is pointing at the time corresponding to the numeral, with twelve representing directly ahead and three being to the right.<br>
Listen closely...	observations	(noun)<br>1. The act of observing, and the fact of being observed (see observance)<br>2. The act of noting and recording some event; or the record of such noting.<br>3. A remark or comment.<br>4. A judgement based on observing.<br>5. Performance of what is prescribed; adherence in practice; observance.<br>6. A regime under which a subject is routinely observed.<br>7. Philosophically as: the phenomenal presence of human being existence.<br>
Listen closely...	obtained	(verb)<br>1. To get hold of; to gain possession of, to procure; to acquire, in any way.<br>2. To secure (that) a specific objective or state of affairs be reached.<br>3. To prevail, be victorious; to succeed.<br>4. To hold; to keep, possess or occupy.<br>5. To exist or be the case; to hold true, be in force.<br>
Listen closely...	ogre	(noun)<br>1. A type of brutish giant from folk tales that eats human flesh.<br>2. A brutish man reminiscent of the mythical ogre.<br>
Listen closely...	oilier	(adjective)<br>1. Relating to or resembling oil.<br>2. Covered with or containing oil.<br>3. Excessively friendly or polite but insincere.<br>
Listen closely...	ointment	(noun)<br>1. A viscous preparation of oils and/or fats, usually containing medication, used as a treatment or as an emollient.<br>2. A substance used to anoint, as in religious rituals.<br>
Listen closely...	onion	(noun)<br>1. A monocotyledonous plant (Allium cepa), allied to garlic, used as vegetable and spice.<br>2. The bulb of such a plant.<br>3. The genus as a whole.<br>4. A ball.<br>5. A person from Bermuda or of Bermudian descent.<br>
Listen closely...	organization	(noun)<br>1. The quality of being organized.<br>2. The way in which something is organized, such as a book or an article.<br>3. A group of people or other legal entities with an explicit purpose and written rules.<br>4. A group of people consciously cooperating.<br>5. A major league club and all its farm teams.<br>
Listen closely...	participate	(verb)<br>1. To join in, to take part, to involve oneself (in something).<br>2. To share, share in (something).<br>3. To share (something) with others; to transfer (something) to or unto others.<br>(adjective)<br>1. Acting in common; participating.<br>
Listen closely...	peaceful	(adjective)<br>1. Not at war or disturbed by strife or turmoil.<br>2. Inclined to peace.<br>3. Motionless and calm.<br>
Listen closely...	philosopher	(noun)<br>1. A lover of wisdom.<br>2. A student of philosophy.<br>3. A scholar or expert engaged in or contributing to philosophical inquiry.<br>4. A person who applies the principles of philosophy to the conduct of their life, as by acting calmly and rationally in the face of inevitable change.<br>5. A student, scholar, or expert in any branch of knowledge, especially those branches studied prior to being considered part of pure science.<br>6. An alchemist.<br>
Listen closely...	photography	(noun)<br>1. The art and technology of producing images on photosensitive surfaces, and its digital counterpart.<br>2. The occupation of taking (and often printing) photographs.<br>
Listen closely...	pictures	(noun)<br>1. A representation of anything (as a person, a landscape, a building) upon canvas, paper, or other surface, by drawing, painting, printing, photography, etc.<br>2. An image; a representation as in the imagination.<br>3. A painting.<br>4. A photograph.<br>5. A motion picture.<br>6. (in the plural) ("the pictures") Cinema (as a form of entertainment).<br>7. A paragon, a perfect example or specimen (of a category).<br>8. An attractive sight.<br>9. The art of painting; representation by painting.<br>10. A figure; a model.<br>11. Situation.<br>(verb)<br>1. To represent in or with a picture.<br>2. To imagine or envision.<br>3. To depict or describe vividly.<br>(noun)<br>1. Cinema, movie theatre<br>
Listen closely...	pillowcase	(noun)<br>1. A washable, easily removable cloth cover for pillows.<br>
Listen closely...	police officer	(noun)<br>1. A peace officer and member of a police force, i.e. policeman or policewoman.<br>
Listen closely...	pollinate	(verb)<br>1. To apply pollen to (a stigma).<br>(adjective)<br>1. Pollinose.<br>
Listen closely...	populate	(verb)<br>1. To supply with inhabitants; to people.<br>2. To live in; to inhabit.<br>3. To increase in number; to breed.<br>4. To fill initially empty items in a collection.<br>5. To fill initially empty slots or sockets on a circuit board or similar.<br>(adjective)<br>1. Populous<br>
Listen closely...	portfolio	(noun)<br>1. A case for carrying papers, drawings, photographs, maps and other flat documents.<br>2. (by extension) The collection of such documents, especially the works of an artist or photographer.<br>3. The post and the responsibilities of a cabinet minister or other head of a government department.<br>4. The group of investments and other assets held by an investor.<br>5. A collection of assets generally.<br>6. A range of products.<br>
Listen closely...	pray	(verb)<br>1. To direct words and/or thoughts to God or any higher being, for the sake of adoration, thanks, petition for help, etc.<br>2. To humbly beg a person for aid or their time.<br>3. To ask earnestly for; to seek to obtain by supplication; to entreat for.<br>4. To implore, to entreat, to request.<br>(adverb)<br>1. Please; used to make a polite request.<br>
Listen closely...	precedes	(verb)<br>1. To go before, go in front of.<br>2. To cause to be preceded; to preface; to introduce.<br>3. To have higher rank than (someone or something else).<br>
Listen closely...	precious	(noun)<br>1. Someone (or something) who is loved; a darling.<br>(adjective)<br>1. Of high value or worth.<br>2. Regarded with love or tenderness.<br>3. Treated with too much reverence.<br>4. Contrived to be cute or charming.<br>(adverb)<br>1. Very; an intensifier.<br>
Listen closely...	prey	(noun)<br>1. Anything, as goods, etc., taken or got by violence; anything taken by force from an enemy in war<br>2. That which is or may be seized by animals or birds to be devoured; hence, a person given up as a victim.<br>3. A living thing that is eaten by another living thing.<br>4. The act of devouring other creatures; ravage.<br>5. The victim of a disease.<br>(verb)<br>1. To act as a predator.<br>
Listen closely...	problem	(noun)<br>1. A difficulty that has to be resolved or dealt with.<br>2. A question to be answered, schoolwork exercise.<br>3. A puzzling circumstance.<br>4. Objection.<br>5. A set of moves required to complete a climb<br>(adjective)<br>1. (of a person or an animal) Difficult to train or guide; unruly.<br>2. Causing a problem; problematic; troublesome.<br>
Listen closely...	consequence	(noun)<br>1. That which follows something on which it depends; that which is produced by a cause.<br>2. A result of actions, especially if such a result is unwanted or unpleasant.<br>3. A proposition collected from the agreement of other previous propositions; any conclusion which results from reason or argument; inference.<br>4. Chain of causes and effects; consecution.<br>5. Importance with respect to what comes after.<br>6. The power to influence or produce an effect.<br>7. (especially when preceded by "of") Importance, value, or influence.<br>(verb)<br>1. To threaten or punish (a child, etc.) with specific consequences for misbehaviour.<br>
Listen closely...	course	(noun)<br>1. A sequence of events.<br>2. A path that something or someone moves along.<br>3. The lowest square sail in a fully rigged mast, often named according to the mast.<br>4. (in the plural, courses) Menses.<br>5. A row or file of objects.<br>6. One or more strings on some musical instruments (such as the guitar, lute or vihuela): if multiple, then closely spaced, tuned in unison or octaves and intended to played together.<br>(verb)<br>1. To run or flow (especially of liquids and more particularly blood).<br>2. To run through or over.<br>3. To pursue by tracking or estimating the course taken by one's prey; to follow or chase after.<br>4. To cause to chase after or pursue game.<br>
Listen closely...	crooner	(noun)<br>1. One who croons; a singer, usually male, especially of popular music.<br>
Listen closely...	cruelty	(noun)<br>1. An indifference to suffering or pleasure in inflicting suffering.<br>2. A cruel act.<br>
Listen closely...	curly	(noun)<br>1. A person or animal with curly hair.<br>(adjective)<br>1. Having curls.<br>2. Curling in a direction, as opposed to straight (quotation marks or apostrophes)<br>3. Complicated and difficult; knotty.<br>
Listen closely...	cushion	(noun)<br>1. A soft mass of material stuffed into a cloth bag, used for comfort or support; for sitting on, kneeling on, resting one's head on etc.<br>2. Something acting as a cushion, especially to absorb a shock or impact.<br>3. A sufficient quantity of an intangible object (like points or minutes) to allow for some of those points, for example, to be lost without hurting one's chances for successfully completing an objective.<br>4. A riotous dance, formerly common at weddings.<br>(verb)<br>1. To furnish with cushions.<br>2. To seat or place on, or as on a cushion.<br>3. To absorb or deaden the impact of.<br>4. To conceal or cover up, as under a cushion.<br>
Listen closely...	daffodil	(noun)<br>1. A bulbous plant of the genus Narcissus, with yellow flowers and a trumpet shaped corona, especially Narcissus pseudonarcissus, the national flower of Wales.<br>2. A brilliant yellow color, like that of a daffodil.<br>(adjective)<br>1. Of a brilliant yellow color, like that of a daffodil.<br>
Listen closely...	desert	(noun)<br>1. (usually in the plural) That which is deserved or merited; a just punishment or reward<br>
Listen closely...	develop	(verb)<br>1. To change with a specific direction, progress.<br>2. To progress through a sequence of stages.<br>3. To advance; to further; to promote the growth of.<br>4. To create.<br>5. To bring out images latent in photographic film.<br>6. To acquire something usually over a period of time.<br>7. To place one's pieces actively.<br>8. To cause a ball to become more open and available to be played on later. Usually by moving it away from the cushion, or by opening a pack.<br>9. To change the form of (an algebraic expression, etc.) by executing certain indicated operations without changing the value.<br>
Listen closely...	dirty	(verb)<br>1. To make (something) dirty.<br>2. To stain or tarnish (somebody) with dishonor.<br>3. To debase by distorting the real nature of (something).<br>4. To become soiled.<br>(adjective)<br>1. Unclean; covered with or containing unpleasant substances such as dirt or grime.<br>2. That makes one unclean; corrupting, infecting.<br>3. Morally unclean; obscene or indecent, especially sexually.<br>4. Dishonourable; violating accepted standards or rules.<br>5. Corrupt, illegal, or improper.<br>6. Out of tune.<br>7. Of color, discolored by impurities.<br>8. Containing data needing to be written back to memory or disk.<br>9. Carrying illegal drugs among one's possessions or inside of one's bloodstream.<br>10. Used as an intensifier, especially in conjunction with "great".<br>11. Sleety; gusty; stormy.<br>12. Of an alcoholic beverage, especially a cocktail or mixed drink: served with the juice of olives.<br>13. Of food, indulgent in an unhealthy way.<br>(adverb)<br>1. In a dirty manner.<br>
Listen closely...	disappeared	(verb)<br>1. To vanish.<br>2. To make vanish; especially, to abduct and murder surreptitiously for political reasons.<br>3. To go away; to become lost.<br>(adjective)<br>1. (often of a political dissident) Caused to disappear.<br>
Listen closely...	doorknob	(noun)<br>1. A circular device attached to a door, the rotation of which permits the unlatching of the door.<br>
Listen closely...	dormouse	(noun)<br>1. Any of several species of small, mostly European rodents of the family Gliridae; also called Myoxidae or Muscardinidae by some taxonomists.<br>2. Glis glis, the edible dormouse<br>3. Muscardinus avellanarius, the hazel dormouse.<br>4. A person who sleeps a great deal, or who falls asleep readily (by analogy with the sound hibernation of the dormouse).<br>
Listen closely...	downpour	(noun)<br>1. A heavy rain.<br>(verb)<br>1. To pour down; rain heavily.<br>
Listen closely...	downstairs	(noun)<br>1. The lower floor of a house, at ground level.<br>2. The genitalia<br>(adjective)<br>1. A floor lower than the current one.<br>(adverb)<br>1. Living, stepping, or coming down the stairs<br>
Listen closely...	drawers	(noun)<br>1. An open-topped box that can be slid in and out of the cabinet that contains it, used for storing clothing or other articles.<br>2. A side panel containing supplementary content.<br>(noun)<br>1. Agent noun of draw; one who draws.<br>2. An artist who primarily makes drawings.<br>3. One who writes a bank draft, check/cheque, or promissory note.<br>4. A barman; a person who draws the beer from the taps.<br>5. Someone who taps palm sap for making toddy.<br>6. A wagoner or person who pushes underground tubs.<br>
Listen closely...	earliest	(adjective)<br>1. At a time in advance of the usual or expected event.<br>2. Arriving a time before expected; sooner than on time.<br>3. Near the start or beginning.<br>4. Having begun to occur; in its early stages.<br>5. Of a star or class of stars, hotter than the sun.<br>(adverb)<br>1. At a time before expected; sooner than usual.<br>2. Soon; in good time; seasonably.<br>
Listen closely...	eggplant	(noun)<br>1. The plant Solanum melongena.<br>2. The edible fruit of the Solanum melongena: an aubergine.<br>3. A dark purple color, like that of the skin of this fruit.<br>4. A black person (used mainly by Italian-Americans).<br>5. A 180 backside rotated invert in which the front hand is planted on the lip of the halfpipe wall<br>
Listen closely...	electricity	(noun)<br>1. Originally, a property of amber and certain other nonconducting substances to attract lightweight material when rubbed, or the cause of this property; now understood to be a phenomenon caused by the distribution and movement of charged subatomic particles and their interaction with the electromagnetic field.<br>2. The study of electrical phenomena; the branch of science dealing with such phenomena.<br>3. A feeling of excitement; a thrill.<br>4. Electric power/energy as used in homes etc., supplied by power stations or generators.<br>
Listen closely...	employee	(noun)<br>1. An individual who provides labor to a company or another person.<br>
Listen closely...	engineer	(noun)<br>1. A person who is qualified or professionally engaged in any branch of engineering.<br>2. A title given to an engineer.<br>3. A person who controls motion of substance (such as a locomotive).<br>4. A person employed in the engine room of a ship.<br>(verb)<br>1. To design, construct or manage something as an engineer.<br>2. To alter or construct something by means of genetic engineering.<br>3. To plan or achieve some goal by contrivance or guile; to wangle or finagle.<br>4. To control motion of substance; to change motion.<br>5. To work as an engineer.<br>
Listen closely...	enjoyable	(adjective)<br>1. Pleasant, capable of giving pleasure.<br>
Listen closely...	erupting	(verb)<br>1. To eject something violently (such as lava or water, as from a volcano or geyser).<br>2. To burst forth; to break out.<br>3. To spontaneously release pressure or tension.<br>
Listen closely...	established	(verb)<br>1. To make stable or firm; to confirm.<br>2. To form; to found; to institute; to set up in business.<br>3. To appoint or adopt, as officers, laws, regulations, guidelines, etc.; to enact; to ordain.<br>4. To prove and cause to be accepted as true; to establish a fact; to demonstrate.<br>(adjective)<br>1. Having been in existence for a long time and therefore recognized and generally accepted.<br>2. Of a religion, church etc.: formally recognized by a state as being official within that area.<br>3. (Model, procedure, disease) Explicitly defined, described or recognized as a reference.<br>
Listen closely...	eucalyptus	(noun)<br>1. Any of many trees, of genus Eucalyptus, native mainly to Australia.<br>2. A greenish colour, like that of a eucalyptus leaves.<br>
Listen closely...	pronunciation	(noun)<br>1. The formal or informal way in which a word is made to sound when spoken.<br>2. The way in which the words of a language are made to sound when speaking.<br>3. The act of pronouncing or uttering something.<br>
Listen closely...	pyramid	(noun)<br>1. An ancient massive construction with a square or rectangular base and four triangular sides meeting in an apex, such as those built as tombs in Egypt or as bases for temples in Mesoamerica.<br>2. A construction in the shape of a pyramid, usually with a square or rectangular base.<br>3. A solid with triangular lateral faces and a polygonal (often square or rectangular) base.<br>4. A medullary pyramid, the medial-most bumps on the ventral side of the medulla oblongata<br>5. The game of pool in which the balls are placed in the form of a triangle at spot.<br>6. A pyramid scheme.<br>7. Alternative letter-case form of Pyramid. (a solitaire card game)<br>8. The triangular layout of cards in the game of Pyramid.<br>9. An approximately triangular headline consisting of several centered lines of text of increasing length.<br>(verb)<br>1. To build up or be arranged in the form of a pyramid.<br>2. To combine (a series of genes) into a single genotype.<br>3. To employ, or take part in, a pyramid scheme.<br>4. To engage in pyramid trading.<br>
Listen closely...	quail	(verb)<br>1. To waste away; to fade, to wither<br>2. To daunt or frighten (someone)<br>3. To lose heart or courage; to be daunted or fearful.<br>4. Of courage, faith, etc.: to slacken, to give way.<br>
Listen closely...	quaint	(adjective)<br>1. Of a person: cunning, crafty.<br>2. Cleverly made; artfully contrived.<br>3. Strange or odd; unusual.<br>4. Overly discriminating or needlessly meticulous; fastidious; prim.<br>5. Pleasingly unusual; especially, having old-fashioned charm.<br>
Listen closely...	quantity	(noun)<br>1. A fundamental, generic term used when referring to the measurement (count, amount) of a scalar, vector, number of items or to some other way of denominating the value of a collection or group of items.<br>2. An indefinite amount of something.<br>3. A specific measured amount.<br>4. A considerable measure or amount.<br>5. Property of a phenomenon, body, or substance, where the property has a magnitude that can be expressed as number and a reference.<br>6. Indicates that the entire preceding expression is henceforth considered a single object.<br>
Listen closely...	quarrel	(noun)<br>1. A verbal dispute or heated argument.<br>2. A ground of dispute or objection; a complaint.<br>3. An earnest desire or longing.<br>(verb)<br>1. To disagree.<br>2. To contend, argue fiercely, squabble.<br>3. To find fault; to cavil.<br>4. To argue or squabble with.<br>
Listen closely...	quart	(noun)<br>1. A unit of liquid capacity equal to two pints; one-fourth (quarter) of a gallon. Equivalent to 1.136 liters in the UK and 0.946 liter (liquid quart) or 1.101 liters (dry quart) in the U.S.<br>2. Four successive cards of the same suit.<br>3. A fourth; a quarter; hence, a region of the earth.<br>
Listen closely...	raincoat	(noun)<br>1. A waterproof coat to be worn in the rain.<br>2. A condom.<br>
Listen closely...	reasons	(noun)<br>1. A cause:<br>2. Rational thinking (or the capacity for it); the cognitive faculties, collectively, of conception, judgment, deduction and intuition.<br>3. Something reasonable, in accordance with thought; justice.<br>4. Ratio; proportion.<br>(verb)<br>1. To deduce or come to a conclusion by being rational<br>2. To perform a process of deduction or of induction, in order to convince or to confute; to argue.<br>3. To converse; to compare opinions.<br>4. To arrange and present the reasons for or against; to examine or discuss by arguments; to debate or discuss.<br>5. To support with reasons, as a request.<br>6. To persuade by reasoning or argument.<br>7. (with down) To overcome or conquer by adducing reasons.<br>8. (usually with out) To find by logical process; to explain or justify by reason or argument.<br>
Listen closely...	rebellion	(noun)<br>1. Armed resistance to an established government or ruler.<br>2. Defiance of authority or control; the act of rebelling.<br>3. An organized, forceful subversion of the law of the land in an attempt to replace it with another form of government.<br>
Listen closely...	recipe	(noun)<br>1. A formula for preparing or using a medicine; a prescription; also, a medicine prepared from such instructions.<br>2. Any set of instructions for preparing a mixture of ingredients.<br>3. By extension, a plan or procedure to obtain a given end result; a prescription.<br>4. Now especially, a set of instructions for making or preparing food dishes.<br>5. A set of conditions and parameters of an industrial process to obtain a given result.<br>
Listen closely...	refrigerator	(noun)<br>1. A household appliance used for keeping food fresh by refrigeration (short form fridge).<br>2. One who has a chilling influence.<br>
Listen closely...	relatively	(adverb)<br>1. Proportionally, in relation to some larger scale thing.<br>2. Somewhat.<br>
Listen closely...	reliable	(noun)<br>1. Something or someone reliable or dependable<br>(adjective)<br>1. Suitable or fit to be relied on; worthy of dependence, reliance or trust; dependable, trustworthy<br>2. (of a communication protocol) Such that either a sent packet will reach its destination, even if it requires retransmission, or the sender will be told that it didn't<br>
Listen closely...	representation	(noun)<br>1. That which represents something else.<br>2. The act of representing.<br>3. The lawyers and staff who argue on behalf of another in court.<br>4. The ability to elect a representative to speak on one's behalf in government; the role of this representative in government.<br>5. An object that describes an abstract group in terms of linear transformations of vector spaces; (more formally) a homomorphism from a group on a vector space to the general linear group (group of all bijective linear transformations) on the space.<br>6. A figure, image or idea that substitutes reality.<br>7. A theatrical performance.<br>
Listen closely...	research	(noun)<br>1. Diligent inquiry or examination to seek or revise facts, principles, theories, applications, etc.; laborious or continued search after truth.<br>2. A particular instance or piece of research.<br>(verb)<br>1. To search or examine with continued care; to seek diligently.<br>2. To make an extensive investigation into.<br>3. To search again.<br>
Listen closely...	responsible	(noun)<br>1. The individual who bears the responsibility for something.<br>2. An actor taking on the lesser roles in repertory theatre.<br>(adjective)<br>1. (followed by "for") Having the duty of taking care of something; answerable for an act performed or for its consequences; accountable; amenable, especially legally or politically.<br>2. (followed by "for") Being a primary cause of a situation or action and thus able to be blamed or credited for it.<br>3. (followed by "to") Answerable to (a superior).<br>4. (of a job or position) Involving important duties; involving a degree of personal accountability on the part of the person concerned.<br>5. Having good judgment in decision-making.<br>6. Able to be trusted; reliable; trustworthy.<br>7. Capable of rational conduct and thus morally accountable for one's behavior.<br>
Listen closely...	robbery	(noun)<br>1. The act or practice of robbing.<br>2. The offense of taking or attempting to take the property of another by force or threat of force.<br>
Listen closely...	royalty	(noun)<br>1. The rank, status, power or authority of a monarch.<br>2. People of royal rank, plus their families, treated as a group.<br>3. A royal right or prerogative, such as the exploitation of a natural resource; the granting of such a right; payment received for such a right.<br>4. The payment received by an owner of real property for exploitation of mineral rights in the property.<br>5. (by extension) Payment made to a writer, composer, inventor etc for the sale or use of intellectual property, invention etc.<br>6. Someone in a privileged position.<br>7. A king and a queen as a starting hand in Texas hold 'em.<br>8. The bounds of a royal burgh.<br>
Listen closely...	runes	(noun)<br>1. A letter, or character, belonging to the written language of various ancient Germanic peoples, especially the Scandinavians and the Anglo-Saxons.<br>2. A Finnish or Scandinavian epic poem, or a division of one, especially a division of the Kalevala.<br>3. A letter or mark used as mystical or magic symbol.<br>4. A verse or song, especially one with mystical or mysterious overtones; a spell or an incantation.<br>5. A roun (secret or mystery).<br>6. In the Go programming language, a Unicode code point.<br>
Listen closely...	salmon	(noun)<br>1. One of several species of fish, typically of the Salmoninae subfamily, brownish above with silvery sides and delicate pinkish-orange flesh; they ascend rivers to spawn.<br>2. (plural salmons) A pale pinkish-orange colour, the colour of cooked salmon.<br>3. The upper bricks in a kiln which receive the least heat.<br>4. Snout (tobacco; from salmon and trout)<br>(verb)<br>1. To ride a bicycle the wrong way down a one-way street.<br>(adjective)<br>1. Having a pale pinkish-orange colour.<br>
Listen closely...	sanctuary	(noun)<br>1. A place of safety, refuge or protection.<br>2. An area set aside for protection.<br>3. A state of being protected, asylum.<br>4. The consecrated (or sacred) area of a church or temple around its tabernacle or altar.<br>
Listen closely...	satellite	(noun)<br>1. A moon or other smaller body orbiting a larger one.<br>2. A man-made apparatus designed to be placed in orbit around a celestial body, generally to relay information, data etc. to Earth.<br>3. A country, state, office, building etc. which is under the jurisdiction, influence, or domination of another body.<br>4. An attendant on an important person; a member of someone's retinue, often in a somewhat derogatory sense; a henchman.<br>5. Satellite TV; reception of television broadcasts via services that utilize man-made satellite technology.<br>6. (grammar) A grammatical construct that takes various forms and may encode a path of movement, a change of state, or the grammatical aspect. Examples: "a bird flew past"; "she turned on the light".<br>(verb)<br>1. To transmit by satellite.<br>
Listen closely...	scissors	(noun)<br>1. One blade on a pair of scissors.<br>2. Scissors.<br>3. (noun adjunct) Used in certain noun phrases to denote a thing resembling the action of scissors, as scissor kick, scissor hold (wrestling), scissor jack.<br>(verb)<br>1. To cut using, or as if using, scissors.<br>2. To excise or expunge something from a text.<br>3. To reproduce (text) as an excerpt, copy.<br>4. To move something like a pair of scissors, especially the legs.<br>5. (sex) To engage in scissoring (tribadism), a sexual act in which two women intertwine their legs and rub their vulvas against each other.<br>6. To skate with one foot significantly in front of the other.<br>(noun)<br>1. (usually construed as plural) A tool used for cutting thin material, consisting of two crossing blades attached at a pivot point in such a way that the blades slide across each other when the handles are closed.<br>2. An attacking move conducted by two players; the player without the ball runs from one side of the ball carrier, behind the ball carrier, and receives a pass from the ball carrier on the other side.<br>3. A method of skating with one foot significantly in front of the other.<br>4. An exercise in which the legs are switched back and forth, suggesting the motion of scissors.<br>5. A scissors hold.<br>6. (rock paper scissors) A hand with the index and middle fingers open (a handshape resembling scissors), that beats paper and is loses to rock. It beats lizard and loses to Spock in rock-paper-scissors-lizard-Spock.<br>
Listen closely...	scraggly	(adjective)<br>1. Rough, scruffy, or unkempt.<br>2. Jagged or uneven; scraggy.<br>
Listen closely...	eventually	(adverb)<br>1. In the end; at some later time, especially after a long time, a series of problems, struggles, delays or setbacks.<br>2. (of a sequence) For some tail; for all terms beyond some term; with only finitely many exceptions.<br>
Listen closely...	excavate	(verb)<br>1. To make a hole in (something); to hollow.<br>2. To remove part of (something) by scooping or digging it out.<br>3. To uncover (something) by digging.<br>
Listen closely...	excavation	(noun)<br>1. The act of excavating, or of making hollow, by cutting, scooping, or digging out a part of a solid mass.<br>2. A cavity formed by cutting, digging, or scooping.<br>3. An uncovered cutting in the earth, in distinction from a covered cutting or tunnel.<br>4. The material dug out in making a channel or cavity.<br>5. Archaeological research that unearths buildings, tombs and objects of historical value.<br>6. A site where an archaeological exploration is being carried out.<br>
Listen closely...	exciting	(verb)<br>1. To stir the emotions of.<br>2. To arouse or bring out (e.g. feelings); to stimulate.<br>3. To cause an electron to move to a higher than normal state; to promote an electron to an outer level.<br>4. To energize (an electromagnet); to produce a magnetic field in.<br>(noun)<br>1. The process of something becoming excited; excitation.<br>(adjective)<br>1. Creating or producing excitement<br>
Listen closely...	expedition	(noun)<br>1. The act of expediting something; prompt execution.<br>2. A military journey; an enterprise against some enemy or into enemy territory.<br>3. The quality of being expedite; speed, quickness.<br>4. An important or long journey, for example a march or a voyage<br>5. A trip, especially a long one, made by a person or a group of people for a specific purpose<br>6. The group of people making such excursion.<br>(verb)<br>1. To take part in a trip or expedition; to travel.<br>
Listen closely...	expensive	(adjective)<br>1. Given to expending a lot of money; profligate, lavish.<br>2. Having a high price or cost.<br>3. Taking a lot of system time or resources.<br>
Listen closely...	eyebrow	(noun)<br>1. The hair that grows over the bone ridge above the eye socket.<br>2. A dormer, usually of small size, whose roof line over the upright face is typically an arched curve, turning into a reverse curve to meet the horizontal line at either end.<br>3. A clump of waste fibres that builds up in a roller machine.<br>(verb)<br>1. To build up waste fibres in a roller machine.<br>2. To signal with one's eyebrows.<br>
Listen closely...	eyelashes	(noun)<br>1. One of the hairs which grow along the edge of eyelids<br>
Listen closely...	fence	(noun)<br>1. A thin artificial barrier that separates two pieces of land or a house perimeter.<br>2. Someone who hides or buys and sells stolen goods, a criminal middleman for transactions of stolen goods.<br>3. Skill in oral debate.<br>4. The art or practice of fencing.<br>5. A guard or guide on machinery.<br>6. A barrier, for example an emotional barrier.<br>7. A memory barrier.<br>(verb)<br>1. To enclose, contain or separate by building fence.<br>2. To defend or guard.<br>3. To engage in the selling or buying of stolen goods.<br>4. To engage in the sport of fencing.<br>5. To jump over a fence.<br>6. To conceal the truth by giving equivocal answers; to hedge; to be evasive.<br>
Listen closely...	firefighter	(noun)<br>1. A person who puts out fires.<br>
Listen closely...	flamingo	(noun)<br>1. A wading bird of the family Phoenicopteridae.<br>2. A deep pink color tinged with orange, like that of a flamingo.<br>(adjective)<br>1. Of a deep pink color tinged with orange, like that of a flamingo.<br>
Listen closely...	forty	(noun)<br>1. A bottle of beer containing forty fluid ounces.<br>(numeral)<br>1. The cardinal number occurring after thirty-nine and before forty-one.<br>
Listen closely...	fossil fuels	(noun)<br>1. Any fuel derived from hydrocarbon deposits such as coal, petroleum, natural gas and, to some extent, peat; these fuels are non-renewable, and their burning generates the greenhouse gas carbon dioxide.<br>
Listen closely...	fountains	(noun)<br>1. A natural source of water; a spring.<br>2. An artificial, usually ornamental, water feature (usually in a garden or public place) consisting of one or more streams of water originating from a statue or other structure.<br>3. The structure from which an artificial fountain can issue.<br>4. A reservoir from which liquid can be drawn.<br>5. A source or origin of a flow (e.g., of favors or knowledge).<br>6. A roundel barry wavy argent and azure.<br>7. A juggling pattern typically done with an even number of props where each prop is caught by the same hand that throws it.<br>8. A soda fountain.<br>9. A drink poured from a soda fountain, or the cup it is poured into.<br>(verb)<br>1. To flow or gush as if from a fountain.<br>
Listen closely...	fourteen	(numeral)<br>1. The cardinal number occurring after thirteen and before fifteen, represented in Roman numerals as XIV and in Arabic numerals as 14.<br>
Listen closely...	furnaces	(noun)<br>1. An industrial heating device, e.g. for smelting metal or baking ceramics.<br>2. A device that provides heat for a building; a space heater.<br>3. Any area that is excessively hot.<br>4. A place or time of punishment, affliction, or great trial; severe experience or discipline.<br>
Listen closely...	gallon	(noun)<br>1. A unit of volume, equivalent to eight pints<br>2. Exactly 4.54609 liters; an imperial gallon<br>3. 231 cubic inches or approximately 3.785 liters for liquids (a "U.S. liquid gallon")<br>4. One-eighth of a U.S. bushel or approximately 4.405 liters for dry goods (a "U.S. dry gallon").<br>5. (in the plural) A large quantity (of any liquid).<br>
Listen closely...	gasoline	(noun)<br>1. A flammable liquid consisting of a mixture of refined petroleum hydrocarbons, mainly used as a motor fuel; petrol.<br>2. Any specific kind of gasoline.<br>(adjective)<br>1. Made from or using gasoline.<br>
Listen closely...	gelatin	(noun)<br>1. A protein derived through partial hydrolysis of the collagen extracted from animal skin, bones, cartilage, ligaments, etc.<br>2. An edible jelly made from this material.<br>3. A thin, translucent membrane used as a filter for photography or for theatrical lighting effects.<br>
Listen closely...	general	(noun)<br>1. A general fact or proposition; a generality.<br>2. The holder of a senior military title, originally designating the commander of an army and now a specific rank falling under field marshal (in the British army) and below general of the army or general of the air force in the US army and air forces.<br>3. A great strategist or tactician.<br>4. The head of certain religious orders, especially Dominicans or Jesuits.<br>5. A commander of naval forces; an admiral.<br>6. A general servant; a maid with no specific duties.<br>7. A general anesthetic.<br>8. General anesthesia.<br>9. The general insurance industry.<br>(verb)<br>1. To lead (soldiers) as a general.<br>(adjective)<br>1. Including or involving every part or member of a given or implied entity, whole etc.; as opposed to specific or particular.<br>2. (sometimes postpositive) Applied to a person (as a postmodifier or a normal preceding adjective) to indicate supreme rank, in civil or military titles, and later in other terms; pre-eminent.<br>3. Prevalent or widespread among a given class or area; common, usual.<br>4. Not limited in use or application; applicable to the whole or every member of a class or category.<br>5. Giving or consisting of only the most important aspects of something, ignoring minor details; indefinite.<br>6. Not limited to a specific class; miscellaneous, concerned with all branches of a given subject or area.<br>(adverb)<br>1. In a general or collective manner or sense; in most cases; upon the whole.<br>
Listen closely...	genius	(noun)<br>1. Someone possessing extraordinary intelligence or skill; especially somebody who has demonstrated this by a creative or original work in science, music, art etc.<br>2. Extraordinary mental capacity.<br>3. Inspiration, a mental leap, an extraordinary creative process.<br>4. The tutelary deity or spirit of a place or person.<br>(adjective)<br>1. Ingenious, brilliant, very clever, or original.<br>
Listen closely...	genuine	(adjective)<br>1. Belonging to, or proceeding from the original stock; native<br>2. Not counterfeit, spurious, false, or adulterated<br>
Listen closely...	geography	(noun)<br>1. A description of the earth: a treatise or textbook on geography; an atlas or gazetteer.<br>2. The study of the physical properties of the earth, including how humans affect and are affected by them.<br>3. Terrain: the physical properties of a region of the earth.<br>4. Any subject considered in terms of its physical distribution.<br>5. Similar books, studies, or regions concerning other planets.<br>6. The physical arrangement of any place, particularly a house.<br>7. The lavatory: a room used for urination and defecation.<br>8. The relative arrangement of the parts of anything.<br>9. A territory: a geographical area as a field of business or market sector.<br>
Listen closely...	geological	(adjective)<br>1. Of, or relating to geology or a geologic time scale.<br>
Listen closely...	gloves	(noun)<br>1. An item of clothing other than a mitten, covering all or part of the hand and fingers, but usually allowing independent movement of the fingers.<br>2. A baseball mitt.<br>3. The ability to catch a hit ball.<br>4. A condom.<br>5. (with definite article) A challenge from one to another.<br>(verb)<br>1. To catch the ball in a baseball mitt.<br>2. To put a glove or gloves on.<br>3. To touch a delivery with one's glove while the gloved hand is on the bat. Under the rules of cricket, the batsman is deemed to have hit the ball.<br>
Listen closely...	screws	(noun)<br>1. A device that has a helical function.<br>2. The motion of screwing something; a turn or twist to one side.<br>3. A prison guard.<br>4. An extortioner; a sharp bargainer; a skinflint.<br>5. An instructor who examines with great or unnecessary severity; also, a searching or strict examination of a student by an instructor.<br>6. Sexual intercourse; the act of screwing.<br>7. A casual sexual partner.<br>8. Salary, wages.<br>9. Backspin.<br>10. A small packet of tobacco.<br>11. An old, worn-out, unsound and worthless horse.<br>12. A straight line in space with which a definite linear magnitude termed the pitch is associated. It is used to express the displacement of a rigid body, which may always be made to consist of a rotation about an axis combined with a translation parallel to that axis.<br>13. An amphipod crustacean.<br>14. (in the plural, with "the") Rheumatism.<br>(verb)<br>1. To connect or assemble pieces using a screw.<br>2. To have sexual intercourse with.<br>3. To cheat someone or ruin their chances in a game or other situation.<br>4. To practice extortion upon; to oppress by unreasonable or extortionate exactions; to put the screws on.<br>5. To contort.<br>6. To miskick (a ball) by hitting it with the wrong part of the foot.<br>7. To screw back.<br>8. To examine (a student) rigidly; to subject to a severe examination.<br>
Listen closely...	scruff	(noun)<br>1. Someone with an untidy appearance.<br>2. Stubble, facial hair (on males).<br>3. Crust.<br>4. Scurf.<br>
Listen closely...	scrutinize	(verb)<br>1. To examine something with great care or detail, as to look for hidden or obscure flaws.<br>2. To audit accounts etc in order to verify them.<br>
Listen closely...	skates	(noun)<br>1. A light boot, fitted with a blade, used for ice skating.<br>(noun)<br>1. A boot having small wheels or casters attached to its sole; used for roller skating<br>(noun)<br>1. A runner or blade, usually of steel, with a frame shaped to fit the sole of a shoe, made to be fastened under the foot, and used for gliding on ice.<br>2. The act of skateboarding<br>3. The act of roller skating or ice skating<br>(verb)<br>1. To move along a surface (ice or ground) using skates.<br>2. To skateboard<br>3. To use the skating technique.<br>4. To get away with something; to be acquitted of a crime for which one is manifestly guilty.<br>(noun)<br>1. A fish of the family Rajidae in the superorder Batoidea (rays) which inhabit most seas. Skates generally have small heads with protruding muzzles, and wide fins attached to a flat body.<br>(noun)<br>1. A worn-out horse.<br>2. A mean or contemptible person.<br>
Listen closely...	skeleton	(noun)<br>1. The system that provides support to an organism, internal and made up of bones and cartilage in vertebrates, external in some other animals.<br>2. An anthropomorphic representation of a skeleton.<br>3. A very thin person.<br>4. The central core of something that gives shape to the entire structure.<br>5. A frame that provides support to a building or other construction.<br>6. A client-helper procedure that communicates with a stub.<br>7. The vertices and edges of a polyhedron, taken collectively.<br>8. A very thin form of light-faced type.<br>9. (attributive) Reduced to a minimum or bare essentials.<br>(verb)<br>1. To reduce to a skeleton; to skin; to skeletonize<br>2. To minimize<br>
Listen closely...	skeptical	(adjective)<br>1. Having, or expressing doubt; questioning.<br>2. Of or relating to philosophical skepticism or the skeptics.<br>
Listen closely...	skirmish	(noun)<br>1. A brief battle between small groups, usually part of a longer or larger battle or war.<br>2. (by extension) Any minor dispute.<br>3. A type of outdoor military style game using paintball or similar weapons.<br>(verb)<br>1. To engage in a minor battle or dispute<br>
Listen closely...	sleigh	(noun)<br>1. A vehicle, generally pulled by an animal, which moves over snow or ice on runners, used for transporting persons or goods. (contrast "sled", which is smaller)<br>(verb)<br>1. To ride or drive a sleigh.<br>
Listen closely...	slippery	(adjective)<br>1. Of a surface, having low friction, often due to being covered in a non-viscous liquid, and therefore hard to grip, hard to stand on without falling, etc.<br>2. (by extension) Evasive; difficult to pin down.<br>3. Liable to slip; not standing firm.<br>4. Unstable; changeable; inconstant.<br>5. Wanton; unchaste; loose in morals.<br>
Listen closely...	slumber party	(noun)<br>1. A sleepover; a party where people stay and sleep overnight.<br>
Listen closely...	societies	(noun)<br>1. A long-standing group of people sharing cultural aspects such as language, dress, norms of behavior and artistic forms.<br>2. A group of people who meet from time to time to engage in a common interest; an association or organization.<br>3. The sum total of all voluntary interrelations between individuals.<br>4. The people of one’s country or community taken as a whole.<br>5. High society.<br>6. A number of people joined by mutual consent to deliberate, determine and act toward a common goal.<br>
Listen closely...	soloist	(noun)<br>1. A person who performs a solo.<br>
Listen closely...	sphere	(noun)<br>1. A regular three-dimensional object in which every cross-section is a circle; the figure described by the revolution of a circle about its diameter .<br>2. A spherical physical object; a globe or ball.<br>3. The apparent outer limit of space; the edge of the heavens, imagined as a hollow globe within which celestial bodies appear to be embedded.<br>4. Any of the concentric hollow transparent globes formerly believed to rotate around the Earth, and which carried the heavenly bodies; there were originally believed to be eight, and later nine and ten; friction between them was thought to cause a harmonious sound (the music of the spheres).<br>5. An area of activity for a planet; or by extension, an area of influence for a god, hero etc.<br>6. The region in which something or someone is active; one's province, domain.<br>7. The set of all points in three-dimensional Euclidean space (or n-dimensional space, in topology) that are a fixed distance from a fixed point .<br>8. The extension of a general conception, or the totality of the individuals or species to which it may be applied.<br>(verb)<br>1. To place in a sphere, or among the spheres; to ensphere.<br>2. To make round or spherical; to perfect.<br>
Listen closely...	sponsored	(verb)<br>1. To be a sponsor for.<br>
Listen closely...	sprinkling	(verb)<br>1. To cause (a substance) to fall in fine drops (for a liquid substance) or small pieces (for a solid substance).<br>2. To cover (an object) by sprinkling a substance on to it.<br>3. To drip in fine drops, sometimes sporadically.<br>4. To rain very lightly outside.<br>5. To baptize by the application of a few drops, or a small quantity, of water; hence, to cleanse; to purify.<br>(noun)<br>1. The action of the verb to sprinkle.<br>2. A small amount of (some liquid, powder or other fine substance) that is sprinkled on to something.<br>3. A light shower of rain.<br>
Listen closely...	squabble	(noun)<br>1. A minor fight or argument.<br>(verb)<br>1. To participate in a minor fight or argument.<br>2. To disarrange, so that the letters or lines stand awry and require readjustment.<br>
Listen closely...	squall	(noun)<br>1. A squall line, multicell line, or part of a squall line.<br>2. A sudden storm, as found in a squall line.<br>3. A loud cry or wail.<br>(verb)<br>1. To cry or wail loudly.<br>
Listen closely...	squash	(noun)<br>1. A sport played in a walled court with a soft rubber ball and bats like tennis racquets.<br>2. A soft drink made from a fruit-based concentrate diluted with water.<br>3. A place or a situation where people have limited space to move.<br>4. Something soft and easily crushed; especially, an unripe pod of peas.<br>5. Something unripe or soft.<br>6. A sudden fall of a heavy, soft body; also, a shock of soft bodies.<br>7. An extremely one-sided, usually short, match.<br>(verb)<br>1. To beat or press into pulp or a flat mass; to crush.<br>2. To compress or restrict (oneself) into a small space; to squeeze.<br>3. To suppress; to force into submission.<br>
Listen closely...	steak	(noun)<br>1. Beefsteak, a slice of beef, broiled or cut for broiling.<br>2. (by extension) A relatively large, thick slice or slab cut from another animal, a vegetable, etc.<br>3. (seafood) A slice of meat cut across the grain (perpendicular to the spine) from a fish.<br>(verb)<br>1. To cook (something, especially fish) like or as a steak.<br>
Listen closely...	straggly	(adjective)<br>1. Spread around in a chaotic and disorganized manner.<br>2. Not arranged in a line.<br>
Listen closely...	straighten	(verb)<br>1. To cause to become straight.<br>2. To become straight.<br>3. To put in order; to sort; to tidy up.<br>4. To clarify a situation or concept to (an audience).<br>5. To bribe or corrupt.<br>6. To stand up, especially from a sitting position.<br>
Listen closely...	strategic	(adjective)<br>1. Of or pertaining to strategy<br>
Listen closely...	streams	(noun)<br>1. A small river; a large creek; a body of moving water confined by banks.<br>2. A thin connected passing of a liquid through a lighter gas (e.g. air).<br>3. Any steady flow or succession of material, such as water, air, radio signal or words.<br>4. (umbrella term) All moving waters.<br>5. A source or repository of data that can be read or written only sequentially.<br>6. A particular path, channel, division, or way of proceeding.<br>7. A division of a school year by perceived ability.<br>8. A live stream.<br>(verb)<br>1. To flow in a continuous or steady manner, like a liquid.<br>2. To extend; to stretch out with a wavy motion; to float in the wind.<br>3. To discharge in a stream.<br>4. To push continuous data (e.g. music) from a server to a client computer while it is being used (played) on the client.<br>
Listen closely...	strengthen	(verb)<br>1. To make strong or stronger; to add strength to; to increase the strength of; to fortify.<br>2. To empower; to give moral strength to; to encourage; to enhearten.<br>3. To augment; to improve; to intensify.<br>4. To grow strong or stronger.<br>
Listen closely...	submarine	(noun)<br>1. A boat that can go underwater.<br>2. A kind of sandwich made in a long loaf of bread.<br>3. Pitch delivered with an underhand motion.<br>4. Any submarine plant or animal.<br>5. A stowaway on a seagoing vessel.<br>(verb)<br>1. To operate or serve on a submarine.<br>2. To torpedo; to destroy with a sudden sneak attack.<br>3. (sometimes figurative) To sink or submerge oneself.<br>(adjective)<br>1. Undersea.<br>2. Hidden or undisclosed.<br>3. Of a pitch, thrown with the hand lower than the elbow.<br>
Listen closely...	grateful	(adjective)<br>1. Appreciative; thankful.<br>2. Pleasing, welcome.<br>
Listen closely...	half	(noun)<br>1. One of two usually roughly equal parts into which anything may be divided, or considered as divided.<br>2. Half of a standard measure; frequently used for half a pint of beer or cider.<br>3. (preceded by “a” or a number) The fraction obtained by dividing 1 by 2.<br>4. Part; side; behalf.<br>5. Any of the three terms at Eton College, for Michaelmas, Lent, and summer.<br>6. A half sibling.<br>7. A child ticket.<br>(verb)<br>1. To halve.<br>(adjective)<br>1. Consisting of a half (1/2, 50%).<br>2. Consisting of some indefinite portion resembling a half; approximately a half, whether more or less; partial; imperfect.<br>3. (of a sibling) Having one parent (rather than two) in common.<br>4. (rare, of a relative other than a sibling) Related through one common grandparent or ancestor rather than two.<br>(adverb)<br>1. In two equal parts or to an equal degree.<br>2. In some part approximating a half.<br>3. Partially; imperfectly.<br>(preposition)<br>1. A half-hour after, thirty minutes after (used with the number of the hour).<br>
Listen closely...	harmful	(adjective)<br>1. Of a kind likely to be damaging; injurious<br>
Listen closely...	honored	(verb)<br>1. To think of highly, to respect highly; to show respect for; to recognise the importance or spiritual value of<br>2. To conform to, abide by, act in accordance with (an agreement, treaty, promise, request, or the like)<br>3. To confer (bestow) an honour or privilege upon (someone)<br>4. To make payment in respect of (a cheque, banker's draft, etc.)<br>(adjective)<br>1. Respected, having received honour.<br>
Listen closely...	hygiene	(noun)<br>1. The science of health, its promotion and preservation.<br>2. Those conditions and practices that promote and preserve health.<br>3. Cleanliness.<br>4. (of a macro) The property of having an expansion that is guaranteed not to cause the accidental capture of identifiers.<br>
Listen closely...	hymns	(noun)<br>1. A song of praise or worship.<br>(verb)<br>1. To sing a hymn.<br>2. To praise or extol in hymns.<br>
Listen closely...	improve	(verb)<br>1. To make (something) better; to increase the value or productivity (of something).<br>2. To become better.<br>3. To disprove or make void; to refute.<br>4. To disapprove of; to find fault with; to reprove; to censure.<br>5. To use or employ to good purpose; to turn to profitable account.<br>
Listen closely...	information	(noun)<br>1. That which resolves uncertainty; anything that answers the question of "what a given entity is".<br>2. Things that are or can be known about a given topic; communicable knowledge of something.<br>3. The act of informing or imparting knowledge; notification.<br>4. A statement of criminal activity brought before a judge or magistrate; in the UK, used to inform a magistrate of an offence and request a warrant; in the US, an accusation brought before a judge without a grand jury indictment.<br>5. The act of informing against someone, passing on incriminating knowledge; accusation.<br>6. The systematic imparting of knowledge; education, training.<br>7. The creation of form; the imparting of a given quality or characteristic; forming, animation.<br>8. […] the meaning that a human assigns to data by means of the known conventions used in its representation.<br>9. Divine inspiration.<br>10. A service provided by telephone which provides listed telephone numbers of a subscriber.<br>11. Any unambiguous abstract data, the smallest possible unit being the bit.<br>12. As contrasted with data, information is processed to extract relevant data.<br>13. (information technology) Any ordered sequence of symbols (or signals) (that could contain a message).<br>
Listen closely...	inseparable	(noun)<br>1. Something that cannot be separated from something else.<br>(adjective)<br>1. Unable to be separated; bound together permanently.<br>
Listen closely...	introduce	(verb)<br>1. (of people) To cause (someone) to be acquainted (with someone else).<br>2. To make (something or someone) known by formal announcement or recommendation.<br>3. To add (something) to a system, a mixture, or a container.<br>4. To bring (something) into practice.<br>
Listen closely...	invented	(verb)<br>1. To design a new process or mechanism.<br>2. To create something fictional for a particular purpose.<br>3. To come upon; to find; to discover.<br>(adjective)<br>1. Fictional, made up, imaginary.<br>
Listen closely...	investigate	(verb)<br>1. To inquire into or study in order to ascertain facts or information.<br>2. To examine, look into, or scrutinize in order to discover something hidden or secret.<br>3. To conduct an inquiry or examination.<br>
Listen closely...	irrigate	(verb)<br>1. To supply (farmland) with water, by building ditches, pipes, etc.<br>2. To clean (a wound) with a fluid.<br>
Listen closely...	jealous	(adjective)<br>1. Suspecting rivalry in love; troubled by worries that one might have been replaced in someone's affections; suspicious of a lover's or spouse's fidelity.<br>2. Protective, zealously guarding, careful in the protection of something one has or appreciates.<br>3. Envious; feeling resentful or angered toward someone for a perceived advantage or success, material or otherwise.<br>4. Suspecting, suspicious.<br>
Listen closely...	jeans	(noun)<br>1. Denim.<br>(noun)<br>1. A pair of trousers made from denim cotton.<br>
Listen closely...	joyful	(adjective)<br>1. Feeling or causing joy.<br>
Listen closely...	judge	(noun)<br>1. A public official whose duty it is to administer the law, especially by presiding over trials and rendering judgments; a justice.<br>2. A person who decides the fate of someone or something that has been called into question.<br>3. A person officiating at a sports event or similar.<br>4. A person who evaluates something or forms an opinion.<br>
Listen closely...	Jupiter	
Listen closely...	justice	(noun)<br>1. The state or characteristic of being just or fair.<br>2. The ideal of fairness, impartiality, etc., especially with regard to the punishment of wrongdoing.<br>3. Judgment and punishment of a party who has allegedly wronged another.<br>4. The civil power dealing with law.<br>5. A title given to judges of certain courts; capitalized as a title.<br>6. Correctness, conforming to reality or rules.<br>
Listen closely...	kitchen	(noun)<br>1. A room or area for preparing food.<br>2. Cuisine.<br>3. The nape of a person's hairline, often referring to its uncombed or "nappy" look.<br>4. The percussion section of an orchestra.<br>5. A utensil for roasting meat.<br>6. A domesticated or uneducated form of a language.<br>7. A public gaming room in a casino.<br>8. Anything eaten as a relish with bread, potatoes, etc.<br>(verb)<br>1. To do kitchen work; to prepare food.<br>2. To embellish a basic food; to season, add condiments, etc.<br>3. (by extension) To embellish; to dress up.<br>
Listen closely...	knead	(noun)<br>1. The act of kneading something.<br>(verb)<br>1. To work and press into a mass, usually with the hands; especially, to work, as by repeated pressure with the knuckles, into a well mixed mass, the materials of bread, cake, etc.<br>2. To treat or form as if by kneading; to beat.<br>3. (of cats) To make an alternating pressing motion with the two front paws.<br>4. To mix thoroughly; form into a homogeneous compound.<br>
Listen closely...	kneecap	(noun)<br>1. The flat, roundish bone in the knee.<br>2. (roofing) A metal cover trim that fits over a panel rib after it has been cut and bent.<br>3. A cap or strong covering for the knees, used chiefly for horses, to protect their knees in case of a fall.<br>(verb)<br>1. To destroy the knees of (a person), usually by shooting at the knees, as a punishment carried out by criminals or terrorists.<br>
Listen closely...	knight	(noun)<br>1. A young servant or follower; a trained military attendant in service of a lord.<br>2. A minor nobleman with an honourable military rank who had served as a page and squire.<br>3. (by extension) An armored and mounted warrior of the Middle Ages.<br>4. (modern) A person on whom a knighthood has been conferred by a monarch.<br>5. A brave, chivalrous and honorable man devoted to a noble cause or love interest.<br>6. A chess piece, often in the shape of a horse's head, that is moved two squares in one direction and one at right angles to that direction in a single move, leaping over any intervening pieces.<br>7. A playing card bearing the figure of a knight; the knave or jack.<br>8. Any of various nymphalid butterflies of the genus Ypthima.<br>9. (modern) A generic name for various mushrooms belonging to the fungal order gilled mushrooms; scientific name Tricholoma.<br>
Listen closely...	knocking	(verb)<br>1. To strike for admittance; to rap upon, as a door.<br>2. To criticize verbally; to denigrate; to undervalue.<br>3. To kick a ball towards another player; to pass.<br>4. To impress forcibly or strongly; to astonish; to move to admiration or applause.<br>5. To bump or impact.<br>6. To rap one's knuckles against something, especially wood.<br>(noun)<br>1. An act in which something is knocked on, or the sound thus produced<br>
Listen closely...	knot	(noun)<br>1. A looping of a piece of string or of any other long, flexible material that cannot be untangled without passing one or both ends of the material through its loops.<br>2. (of hair, etc) A tangled clump.<br>3. A maze-like pattern.<br>4. A non-self-intersecting closed curve in (e.g., three-dimensional) space that is an abstraction of a knot (in sense 1 above).<br>5. A difficult situation.<br>6. The whorl left in lumber by the base of a branch growing out of the tree's trunk.<br>7. Local swelling in a tissue area, especially skin, often due to injury.<br>8. A protuberant joint in a plant.<br>9. Any knob, lump, swelling, or protuberance.<br>10. The swelling of the bulbus glandis in members of the dog family, Canidae<br>11. The point on which the action of a story depends; the gist of a matter.<br>12. A node.<br>13. A kind of epaulet; a shoulder knot.<br>14. A group of people or things.<br>15. A bond of union; a connection; a tie.<br>16. A unit of speed, equal to one nautical mile per hour. (From the practice of counting the number of knots in the log-line (as it is paid out) in a standard time. Traditionally spaced at one every 1/120 of a mile.)<br>17. A nautical mile<br>18. The bulbus glandis<br>19. In omegaverse fiction, a bulbus glandis-like structure on the penis of a male alpha, which ties him to an omega during intercourse.<br>(verb)<br>1. To form into a knot; to tie with a knot or knots.<br>2. To form wrinkles in the forehead, as a sign of concentration, concern, surprise, etc.<br>3. To unite closely; to knit together.<br>4. To entangle or perplex; to puzzle.<br>5. To form knots.<br>6. To knit knots for a fringe.<br>
Listen closely...	suggestions	(noun)<br>1. Something suggested (with subsequent adposition being for)<br>2. The act of suggesting.<br>3. Something implied, which the mind is liable to take as fact.<br>4. The act of exercising control over a hypnotised subject by communicating some belief or impulse by means of words or gestures; the idea so suggested.<br>5. Information, insinuation, speculation, as opposed to a sworn testimony and evidence<br>
Listen closely...	surfboard	(noun)<br>1. A shaped waterproof plank, usually made of wood or foam and reinforced plastic, used to surf on waves.<br>(verb)<br>1. To use a surfboard; to surf.<br>
Listen closely...	swimming pool	(noun)<br>1. A pool of water used for swimming, usually one which has been artificially constructed.<br>
Listen closely...	talkative	(adjective)<br>1. Tending to talk a lot.<br>2. Speaking openly and honestly, neglecting privacy and consequences.<br>
Listen closely...	taught	(verb)<br>1. To show (someone) the way; to guide, conduct; to point, indicate.<br>2. (ditransitive) To pass on knowledge to.<br>3. To pass on knowledge, especially as one's profession; to act as a teacher.<br>4. (ditransitive) To cause to learn or understand.<br>5. (ditransitive) To cause to know the disagreeable consequences of some action.<br>
Listen closely...	tennis racket	
Listen closely...	theater	(noun)<br>1. A place or building, consisting of a stage and seating, in which an audience gathers to watch plays, musical performances, public ceremonies, and so on.<br>2. A region where a particular action takes place; a specific field of action, usually with reference to war.<br>3. A lecture theatre.<br>4. An operating theatre or locale for human experimentation.<br>5. A cinema.<br>6. Drama or performance as a profession or art form.<br>7. Any place rising by steps like the seats of a theater.<br>
Listen closely...	thinking	(noun)<br>1. Thought; gerund of think.<br>
Listen closely...	thistle	(noun)<br>1. Any of several perennial composite plants, especially of genera Cirsium, Carduus, Cynara, or Onopordum, having prickly leaves and showy flower heads with prickly bracts.<br>2. This plant seen as the national emblem of Scotland.<br>3. This plant used as a charge.<br>4. The Order of the Thistle, or membership thereof.<br>
Listen closely...	throw	(verb)<br>1. To change place.<br>2. To change in state or status<br>3. To move through time.<br>4. To be accepted.<br>5. In any game, to decline to play in one's turn.<br>6. To do or be better.<br>7. To take heed.<br>(noun)<br>1. The flight of a thrown object.<br>2. The act of throwing something.<br>3. One's ability to throw.<br>4. A distance travelled; displacement.<br>5. A piece of fabric used to cover a bed, sofa or other soft furnishing.<br>6. A single instance, occurrence, venture, or chance.<br>7. A violent effort.<br>(verb)<br>1. To hurl; to cause an object to move rapidly through the air.<br>2. To eject or cause to fall off.<br>3. To move to another position or condition; to displace.<br>4. To make (a pot) by shaping clay as it turns on a wheel.<br>5. (of a bowler) to deliver (the ball) illegally by straightening the bowling arm during delivery.<br>6. To send (an error) to an exception-handling mechanism in order to interrupt normal processing.<br>7. To intentionally lose a game.<br>8. To confuse or mislead.<br>9. To send desperately.<br>10. To imprison.<br>11. To organize an event, especially a party.<br>12. To roll (a die or dice).<br>13. To cause a certain number on the die or dice to be shown after rolling it.<br>14. To discard.<br>15. To lift the opponent off the ground and bring him back down, especially into a position behind the thrower.<br>16. (said of one's voice) To change in order to give the illusion that the voice is that of someone else.<br>17. To show sudden emotion, especially anger.<br>18. To project or send forth.<br>19. To put on hastily; to spread carelessly.<br>20. To twist two or more filaments of (silk, etc.) so as to form one thread; to twist together, as singles, in a direction contrary to the twist of the singles themselves; sometimes applied to the whole class of operations by which silk is prepared for the weaver.<br>21. (of a team, a manager, etc.) To select (a pitcher); to assign a pitcher to a given role (such as starter or reliever).<br>22. To install (a bridge).<br>23. To twist or turn.<br>
Listen closely...	toilet paper	(noun)<br>1. Paper, usually on a roll, to clean oneself after defecation, or to pat oneself dry after urination.<br>(verb)<br>1. To cover someone's house (and trees and shrubs) with toilet paper or other similar paper product, often as a celebratory event, without the "victim's" knowledge. Sometimes also performed as an act of hazing.<br>
Listen closely...	tournament	(noun)<br>1. During the Middle Ages, a series of battles and other contests designed to prepare knights for war.<br>2. A series of games; either the same game played many times, or a succession of games related by a single theme; played competitively to determine a single winning team or individual.<br>3. A digraph obtained by assigning a direction to each edge in an undirected complete graph.<br>
Listen closely...	train station	(noun)<br>1. A place where trains stop for passengers to embark and disembark.<br>
Listen closely...	transportation	(noun)<br>1. The act of transporting, or the state of being transported; conveyance, often of people, goods etc.<br>2. Deportation to a penal colony.<br>3. A means of conveyance.<br>4. A ticket or fare.<br>
Listen closely...	trespass	(noun)<br>1. An intentional interference with another's property or person.<br>2. Sin<br>
Listen closely...	truthful	(adjective)<br>1. Honest, and always telling the truth.<br>2. Accurately depicting what is real.<br>
Listen closely...	unpredictable	(noun)<br>1. An unpredictable thing.<br>(adjective)<br>1. Unable to be predicted.<br>
Listen closely...	vessel	(noun)<br>1. Any craft designed for transportation on water, such as a ship or boat.<br>2. A craft designed for transportation through air or space.<br>3. Dishes and cutlery collectively, especially if made of precious metals.<br>4. A container of liquid or other substance, such as a glass, goblet, cup, bottle, bowl, or pitcher.<br>5. A person as a container of qualities or feelings.<br>6. A tube or canal that carries fluid in an animal or plant.<br>(verb)<br>1. To put into a vessel.<br>
Listen closely...	video game	(noun)<br>1. A type of game existing as and controlled by software, usually run by a video game console or a computer, played on a video terminal or television screen, and controlled by a paddle, joystick, joypad, mouse, or keyboard.<br>
Listen closely...	violin	(noun)<br>1. A musical four-string instrument, generally played with a bow or by plucking the string, with the pitch set by pressing the strings at the appropriate place with the fingers; also any instrument of the violin family.<br>2. A violinist.<br>(verb)<br>1. To play on, or as if on, a violin.<br>
Listen closely...	vocabulary	(noun)<br>1. A usually alphabetized and explained collection of words e.g. of a particular field, or prepared for a specific purpose, often for learning.<br>2. The collection of words a person knows and uses.<br>3. The stock of words used in a particular field.<br>4. The words of a language collectively.<br>5. A range of artistic or stylistic forms or techniques<br>
Listen closely...	voice	(noun)<br>1. Sound uttered by the mouth, especially by human beings in speech or song; sound thus uttered considered as possessing some special quality or character<br>2. Sound made through vibration of the vocal cords; sonant, or intonated, utterance; tone; — distinguished from mere breath sound as heard in whispering and voiceless consonants.<br>3. The tone or sound emitted by an object<br>4. The faculty or power of utterance<br>5. That which is communicated; message; meaning.<br>6. An expressed opinion, choice, will, desire, or wish; the right or ability to make such expression or to have it considered<br>7. Command; precept.<br>8. One who speaks; a speaker.<br>9. A particular style or way of writing that expresses a certain tone or feeling.<br>10. (grammar) A particular way of inflecting or conjugating verbs, or a particular form of a verb, by means of which is indicated the relation of the subject of the verb to the action which the verb expresses.<br>11. In harmony, an independent vocal or instrumental part in a piece of composition.<br>12. (IRC) A flag associated with a user on a channel, determining whether or not they can send messages to the channel.<br>
Listen closely...	volunteer	(noun)<br>1. One who enters into, or offers for, any service of his/her own free will, especially when done without pay.<br>2. One who enters into military service voluntarily, but who, when in service, is subject to discipline and regulations like other soldiers; -- opposed to conscript; specifically, a voluntary member of the organized militia of a country as distinguished from the standing army.<br>3. A person who acts out of his own will without a legal obligation, such as a donor.<br>4. A plant that grows spontaneously, without being cultivated on purpose; see volunteer plant in Wikipedia.<br>5. A native or resident of the American state of Tennessee.<br>(verb)<br>1. To enlist oneself as a volunteer.<br>2. To do or offer to do something voluntarily.<br>3. To offer, usually unprompted.<br>4. To grow without human sowing or intentional cultivation.<br>5. To offer the services of (someone else) to do something.<br>
Listen closely...	voyage	(noun)<br>1. A long journey, especially by ship.<br>2. The act or practice of travelling.<br>(verb)<br>1. To go on a long journey.<br>
Listen closely...	wrist	(noun)<br>1. The complex joint between forearm bones, carpus, and metacarpals where the hand is attached to the arm; the carpus in a narrow sense.<br>2. A stud or pin which forms a journal.<br>(verb)<br>1. To hit a wrist shot<br>
